variant,time,time.adj,sd.time,sd.time.adj,N.time,N.time.adj,sem.time,sem.time.adj,pvalue.from.WT,pvalue.from.NULL,Coefficients,time.scaled.means,time.scaled.sd,time.scaled.sem,time.adj.scaled.means,time.adj.scaled.sd,time.adj.scaled.sem
A121E,12.57142857,9.988761222,13.50183882,12.66889046,42,42,2.083378961,1.954852239,1.09E-31,0.08094269,-35.49328833,-0.193717287,0.495524917,0.076461155,-0.175509486,0.419583578,0.064743152
A121P,28.8,33.98929692,13.45468585,12.57689631,15,15,3.473984949,3.247340663,0.014012286,6.77E-05,-11.49275264,0.401880218,0.493794377,0.12749716,0.619369171,0.416536805,0.107549341
A126D,12,16.55967793,12,11.51463179,23,23,2.502172969,2.4009667,1.19E-14,0.735246078,-28.92237163,-0.21468903,0.440406606,0.091831125,0.04211405,0.381355449,0.079518108
A126P,10.33333333,10.75092574,11.16627576,9.713229542,36,36,1.86104596,1.61887159,1.06E-22,0.200158783,-34.73112381,-0.275856614,0.409808467,0.068301411,-0.150267203,0.321694439,0.05361574
A151P,20.52631579,22.87346663,7.332772943,5.712227937,38,38,1.189532848,0.926645734,3.10E-12,0.019801393,-22.60858292,0.098231453,0.269116803,0.04365651,0.251221711,0.189184447,0.03068977
A309S,36,25.74430222,18.40715973,19.7872038,18,18,4.338609156,4.663888664,7.97E-06,0.018309819,-19.73774734,0.666124181,0.675552895,0.159229344,0.346301503,0.655336456,0.154464284
A34D,12.92307692,10.21423071,14.76461466,13.21368136,26,26,2.895579165,2.59141612,3.55E-19,0.197574013,-35.26781884,-0.180811599,0.541869486,0.106269349,-0.168042116,0.43762662,0.085825641
A34P,13.48571429,9.030479881,9.068239467,8.82228306,105,105,0.884969556,0.860966668,1.87E-57,0.00631345,-36.45156967,-0.160162498,0.33280938,0.03247887,-0.207247002,0.292187,0.028514531
control,17.84974958,15.28808792,14.50443811,13.74000364,599,599,0.592635275,0.561401329,4.16E-159,NA,-30.19396164,0,0.532320863,0.021750041,0,0.455057995,0.018593166
C124R,5.454545455,9.377802411,10.29436865,9.835502608,22,22,2.194766771,2.096936202,2.63E-17,0.165418285,-36.10424714,-0.454910815,0.377808996,0.080549149,-0.195743956,0.325744025,0.06944886
C124S,14.14655172,13.2863737,12.27105978,11.80939448,464,464,0.569669649,0.548237375,1.44E-154,0.10682761,-32.19567586,-0.1359094,0.450354649,0.02090719,-0.066295183,0.391117755,0.018157186
C124S-4A,14.43243243,15.39550068,16.96820643,16.79689276,74,74,1.972513932,1.952599122,9.51E-37,0.964214372,-30.08654887,-0.125417421,0.622742517,0.072392347,0.003557425,0.556299732,0.06466853
C211W,32.76923077,33.98019313,8.691640546,8.553895167,26,26,1.704570952,1.677556861,0.002951718,1.54E-06,-11.50185643,0.547553172,0.318987993,0.062558692,0.619067661,0.283298206,0.055559349
D107G,35.38983051,33.61035284,11.45458341,11.19875018,59,59,1.491259739,1.45795309,5.30E-05,6.35E-10,-11.87169671,0.643730625,0.420389516,0.054730053,0.606818845,0.370893701,0.048286247
D107V,13.95348837,12.58499083,14.56341386,14.47806216,43,43,2.220899793,2.207883781,2.10E-28,0.365350329,-32.89705872,-0.142994931,0.534485305,0.081508245,-0.089524426,0.479501906,0.073123355
D22E,16.88888889,19.44941057,17.69253066,17.46801389,27,27,3.404929112,3.36172084,1.30E-13,0.238157722,-26.03263899,-0.035264116,0.649325614,0.124962773,0.137819697,0.57852673,0.111337521
D252G,26.10309278,27.72642825,16.52364753,13.9634187,97,97,1.677722216,1.417770363,2.89E-17,5.26E-09,-17.75562131,0.302902239,0.60642696,0.061573329,0.411947941,0.462457324,0.046955427
D268E,40.11428571,38.40458922,15.92587873,16.31461764,35,35,2.691964834,2.757673702,0.030624481,2.43E-12,-7.077460334,0.817120732,0.584488516,0.098796591,0.765600142,0.540327163,0.09133196
D326N,22.44604317,15.76016057,13.76835937,13.59954014,139,139,1.167817,1.15349794,3.17E-59,0.799060202,-29.72188899,0.168686505,0.505306368,0.042859527,0.015634671,0.450405955,0.038202935
D92N,14.76923077,11.6416471,9.084819021,9.061408429,52,52,1.259837723,1.256591258,1.66E-31,0.209857179,-33.84040246,-0.113056736,0.333417859,0.046236738,-0.12076722,0.300106642,0.041617303
E157G,38.58064516,37.9065894,12.61669234,12.57921442,93,93,1.308290051,1.304403771,0.000833664,9.08E-23,-7.575460152,0.760835279,0.463039554,0.048014965,0.749106784,0.416613579,0.043200816
E285X,19.41176471,16.89366446,17.48092926,15.9951383,34,34,2.997954635,2.743143588,2.42E-17,0.634987297,-28.5883851,0.057326815,0.641559726,0.110026585,0.053175418,0.529746262,0.090850734
E73K,42.4,45.53218461,16.88955721,16.49263638,15,15,4.360864921,4.258380402,0.991876771,1.01E-09,0.05013506,0.901007704,0.619856047,0.160046143,1.001660433,0.546223002,0.141034173
F241S,13.2,14.40383194,9.456827108,9.125581794,20,20,2.114610826,2.040542122,4.41E-14,0.830102343,-31.07821761,-0.170648369,0.347070761,0.077607381,-0.029285855,0.302232013,0.067581133
F279I,36,42.09768951,15.26901625,15.0686493,22,22,3.255365202,3.212646826,0.412078526,1.06E-10,-3.38436005,0.666124181,0.560381301,0.119473695,0.887912686,0.499061683,0.106400308
F279L,32.21917808,32.81579222,13.39801662,12.98095639,73,73,1.568119235,1.519306028,1.06E-07,3.71E-13,-12.66625734,0.527365936,0.491714585,0.057550839,0.580503629,0.429918954,0.050318208
G127R,8.307692308,10.88801327,8.152394646,8.158099685,26,26,1.59881613,1.59993498,1.46E-18,0.263288651,-34.59403629,-0.350198755,0.299197371,0.058677432,-0.145726974,0.270189774,0.052988574
G129E,17.33333333,10.24138805,12.14907404,11.93099324,81,81,1.349897115,1.325665915,1.67E-45,0.04320395,-35.2406615,-0.018952761,0.445877705,0.049541967,-0.167142687,0.395145009,0.043905001
G129R,14.04878049,13.47416198,20.06234186,19.82236179,41,41,3.133211401,3.095732811,1.41E-28,0.531766062,-32.00788757,-0.139497658,0.73629899,0.114990583,-0.060075785,0.65650086,0.102528209
G36E,15.42857143,11.93233612,14.08194441,12.25166326,112,112,1.330618674,1.157673362,2.00E-63,0.095257631,-33.54971343,-0.088858571,0.516815111,0.048834438,-0.111139831,0.405765345,0.038341221
G44D,6.923076923,10.86881331,6.933530569,6.600496676,26,26,1.359777218,1.294463898,3.11E-16,0.295243461,-34.61323625,-0.401014901,0.254464389,0.049904572,-0.146362861,0.218603201,0.042871615
H118P,25.84615385,24.33220634,19.50147923,19.50147923,13,13,5.408737179,5.408737179,2.80E-05,0.073881912,-21.14984322,0.293472438,0.715715023,0.198503632,0.29953401,0.645873485,0.179133074
H123Q,15.73333333,20.07436293,16.93624408,16.52353756,45,45,2.524706204,2.463183547,3.99E-19,0.094276654,-25.40768662,-0.077673641,0.621569481,0.092658107,0.158517623,0.547246425,0.08157868
H123Y,19.57894737,18.82624421,13.50201502,13.49633248,38,38,2.190316065,2.189394235,6.85E-13,0.339996397,-26.65580535,0.063462511,0.495531384,0.080385805,0.117180923,0.4469878,0.072510996
H93Q,15.86206897,17.79079996,17.78892549,17.66328132,87,87,1.907173,1.893702531,3.66E-32,0.289714321,-27.69124959,-0.072948973,0.652863358,0.069994299,0.082887833,0.584993832,0.062717922
H93R,12,14.70029892,13.03250374,12.88307461,40,40,2.060619772,2.036992951,5.16E-23,0.85079208,-30.78175064,-0.21468903,0.478300061,0.07562588,-0.019467104,0.426677187,0.067463587
H93Y,14.22222222,12.38605512,12.12928262,11.78287842,54,54,1.650586298,1.603446658,4.07E-28,0.336201605,-33.09599443,-0.133132251,0.445151349,0.060577426,-0.096113019,0.390239564,0.053104878
I101F,27.42857143,31.35433859,12.9614814,12.89318718,49,49,1.8516402,1.841883883,6.49E-07,2.02E-08,-14.12771097,0.351548035,0.475693502,0.067956215,0.532101447,0.427012107,0.06100173
I101T,27.27272727,26.72939784,7.513623989,6.739224011,33,33,1.307954052,1.173148319,5.34E-08,0.000959194,-18.75265172,0.345828468,0.275754136,0.048002634,0.378927087,0.22319774,0.038853739
I135fs,15.21818182,14.12264704,14.25814311,13.99746079,220,220,0.961283813,0.943708614,4.80E-84,0.476898595,-31.35940251,-0.096579986,0.523281701,0.035279645,-0.038598475,0.463584771,0.031254879
I135T,45.16853933,33.87970552,14.47508514,14.40266649,89,89,1.534355956,1.526679594,2.19E-07,2.71E-16,-11.60234403,1.002614622,0.531243593,0.056311708,0.615739591,0.477004861,0.050562414
I203V,48.85714286,50.54071311,17.90082569,17.90082569,14,14,4.784196906,4.784196906,0.345424606,6.02E-11,5.058663559,1.137988402,0.656970157,0.17558266,1.167538915,0.592861113,0.158448797
I400V,29.53846154,33.60333291,14.37947255,14.24153818,13,13,3.988148122,3.949892012,0.021488274,0.000408816,-11.87871664,0.428982163,0.527734558,0.146367231,0.60658635,0.47166842,0.130817283
K322E,26.31192661,21.35362232,15.00906963,12.68972852,109,109,1.437608141,1.215455553,2.14E-27,0.006943635,-24.12842724,0.310566555,0.550841118,0.05276101,0.200885676,0.420273718,0.040254921
K330E,30.375,36.46405885,16.2788206,15.78480845,64,64,2.034852575,1.973101056,0.000558914,1.15E-15,-9.01799071,0.459683585,0.597441677,0.07468021,0.701331319,0.522780304,0.065347538
K342N,30,34.93894575,13.8053698,14.21592162,18,18,3.253956867,3.35072486,0.012307086,3.39E-06,-10.54310381,0.445920879,0.506664671,0.119422008,0.650820786,0.47082002,0.110973343
K402N,39,40.85164832,18,12.66727099,4,4,9,6.333635497,0.547423986,0.000909997,-4.630401238,0.776225833,0.660609908,0.330304954,0.846644793,0.419529943,0.209764971
K6E,15.76470588,12.15880614,13.2523028,10.317013,51,51,1.855693567,1.444670783,1.34E-31,0.273637871,-33.32324342,-0.076522252,0.486366808,0.068104975,-0.103639324,0.341691267,0.047846348
K6I,6.260869565,7.874055188,6.129047021,5.981266716,23,23,1.277994648,1.247180325,5.53E-21,0.064016752,-37.60799437,-0.425318276,0.2249394,0.046903107,-0.245546869,0.198094798,0.041305621
L139X,3.870967742,9.715243782,7.191392705,7.608174157,31,31,1.291612259,1.366468417,3.90E-26,0.100362298,-35.76680577,-0.513028988,0.263928071,0.047402881,-0.184568166,0.251976678,0.045256347
L295V,26.18181818,29.26441826,12.94463736,12.94463736,11,11,3.902955015,3.902955015,0.003159413,0.011137191,-16.21763129,0.305791504,0.475075317,0.143240598,0.462884947,0.428716096,0.129262767
L320X,17.7,17.28640072,19.21297638,17.42622848,40,40,3.0378383,2.755328651,4.00E-19,0.527741896,-28.19564884,-0.005495892,0.705126809,0.111490338,0.066182531,0.57714283,0.091254294
L345V,30.46153846,35.1810819,7.922703501,7.536281683,13,13,2.197362593,2.090188464,0.039947144,7.68E-05,-10.30096765,0.462859594,0.29076758,0.080644417,0.658840142,0.249595657,0.06922538
L70V,30.67826087,32.83249671,13.22116049,13.04156248,115,115,1.232879573,1.216131972,3.11E-09,5.87E-16,-12.64955284,0.470813426,0.485223868,0.045247359,0.581056868,0.431926179,0.040277324
M134I,18.15384615,16.36766829,14.27094668,14.0574581,39,39,2.285180344,2.250994812,1.35E-18,0.744420955,-29.11438126,0.011160512,0.523751599,0.083867377,0.035754843,0.465571834,0.074551158
M134T,14.29213483,10.36354387,11.70683779,10.56110617,89,89,1.240922324,1.119475015,2.85E-53,0.032277092,-35.11850568,-0.13056642,0.429647391,0.045542532,-0.163096983,0.349775438,0.037076122
M1I,14.95384615,14.55457513,12.90885206,12.01700915,65,65,1.601146039,1.49052654,1.20E-36,0.765664855,-30.92747443,-0.10628125,0.473761977,0.058762941,-0.02429336,0.397993787,0.049365054
N117S,54,56.16140065,17.45323422,17.03560606,14,14,4.664573052,4.552957233,0.032729113,4.62E-16,10.6793511,1.32673409,0.640543303,0.171192399,1.353691616,0.564205727,0.150790323
N12T,20.68965517,21.98214638,8.422348876,8.561013041,29,29,1.563990923,1.589740212,6.70E-10,0.079559152,-23.49990318,0.104226098,0.30910484,0.057399328,0.221701893,0.283533944,0.052650932
N228S,26.44444444,27.63976995,13.46787466,13.34348809,54,54,1.832745602,1.815818734,6.42E-10,2.16E-05,-17.8422796,0.315430033,0.494278414,0.067262772,0.409077887,0.441925715,0.060138473
N262S,28.09756098,31.12338035,13.4949554,13.35928298,82,82,1.490268519,1.475286007,2.78E-10,6.46E-12,-14.35866921,0.376100319,0.495272292,0.054693675,0.524452294,0.44244883,0.048860299
N276S,30.94736842,31.6153383,10.67188113,10.26258797,38,38,1.731207724,1.664811606,8.33E-05,4.13E-06,-13.86671125,0.480689821,0.391663912,0.063536276,0.54074555,0.339888753,0.055137237
N356D,52.11428571,53.90422794,17.92758543,16.82003273,35,35,3.030315021,2.843104446,0.013585369,4.26E-29,8.42217839,1.257527338,0.657952254,0.111214229,1.278935851,0.557066109,0.094161358
P246L,26.86956522,29.07411767,10.78807715,10.36851449,46,46,1.590615199,1.528754059,7.71E-08,7.30E-06,-16.40793189,0.331032199,0.39592837,0.058376453,0.456582343,0.343396955,0.050631119
P354Q,49.77777778,50.179511,16.87358731,16.89757355,27,27,3.247323392,3.251939546,0.183712567,1.27E-22,4.697461443,1.17177621,0.619269943,0.119178556,1.155576188,0.559634199,0.107701652
P357S,36.54545455,34.30636826,15.91862423,14.74293276,22,22,3.393862089,3.143203825,0.006602143,4.21E-06,-11.1756813,0.686142664,0.584222272,0.124556607,0.629870322,0.48827421,0.104100411
P38H,15.28767123,11.12525225,9.850943909,9.862494431,73,73,1.152965776,1.154317662,8.04E-43,0.097973332,-34.35679731,-0.094029686,0.361535064,0.042314479,-0.137869807,0.326637973,0.038230083
Q171E,15.84,5.195444213,11.3419575,12.71396297,25,25,2.268391501,2.542792594,2.70E-26,0.007976112,-40.28660534,-0.073758916,0.416256084,0.083251217,-0.334260334,0.421076344,0.084215269
Q298E,58.71428571,59.41626222,17.07685708,16.96375788,28,28,3.227222643,3.205848904,0.000157625,1.78E-32,13.93421266,1.499750971,0.626730055,0.118440847,1.461490043,0.561826172,0.106175167
R130L,23.88349515,23.3488712,19.48720091,16.48842473,103,103,1.920130961,1.624652764,2.85E-24,0.000244617,-22.13317836,0.221441784,0.715191001,0.070469863,0.266966732,0.546083516,0.053807208
R130Q,12.42857143,8.254758826,6.094494002,6.130056089,28,28,1.151751107,1.15847171,1.32E-18,0.094344319,-37.22729073,-0.198960222,0.223671285,0.0422699,-0.232938267,0.203022583,0.038367662
R14G,15.75,10.14518535,16.63436586,16.42248432,48,48,2.400963902,2.370381436,1.13E-33,0.079050606,-35.3368642,-0.077061966,0.610490384,0.088116697,-0.170328843,0.543899622,0.078505148
R15S,17.4,13.29473689,8.391278766,7.473341211,60,60,1.08330943,0.964804202,1.08E-33,0.45573379,-32.18731266,-0.016506057,0.30796455,0.039758052,-0.066018201,0.247511118,0.031953548
R173H,36,34.01752555,13.26649916,13.24293602,19,19,3.043543641,3.038137885,0.013043259,5.36E-05,-11.46452401,0.666124181,0.486887822,0.111699727,0.620304081,0.43859551,0.100620711
R173P,15.75903614,8.184276182,8.775784812,9.09693287,83,83,0.963267526,0.998518105,4.79E-57,0.002557867,-37.29777337,-0.076730334,0.322076133,0.035352448,-0.235272596,0.301283183,0.033070126
R335X,20.75675676,24.8371885,25.86869129,25.72592804,37,37,4.252786651,4.229316518,4.57E-10,0.004093792,-20.64486105,0.106688764,0.94939521,0.156079611,0.316258618,0.85202228,0.1400716
R47K,13.41176471,12.14756239,8.231932087,8.161738621,34,34,1.411764706,1.399726626,6.28E-23,0.353425031,-33.33448716,-0.162876488,0.302116439,0.051812542,-0.104011708,0.270310293,0.046357833
R47W,6.8,6.982736293,12.07562378,10.41353569,30,30,2.20469718,1.901242801,1.97E-27,0.019198586,-38.49931326,-0.405531892,0.44318204,0.0809136,-0.275066642,0.344888022,0.06296765
T131I,17.2173913,18.57072015,16.77960033,16.77466004,69,69,2.0200265,2.019431759,7.38E-28,0.185434473,-26.9113294,-0.023207897,0.615820569,0.074136085,0.108718169,0.555563402,0.066881974
T167N,28.21621622,27.53778648,13.50380782,13.4125534,111,111,1.281724716,1.27306323,1.08E-18,2.94E-09,-17.94426307,0.380455032,0.49559718,0.047040003,0.405700276,0.444213103,0.042162842
T202I,41.23943662,33.9193586,16.69342453,12.87841593,71,71,1.981145004,1.528386781,4.32E-06,2.50E-13,-11.56269095,0.85841439,0.612657869,0.072709112,0.61705287,0.426522895,0.050618955
T363N,27.06976744,25.50575523,13.4397882,12.93601762,129,129,1.183307371,1.138952844,5.57E-23,6.46E-07,-19.97629433,0.338379731,0.493247625,0.043428032,0.338401016,0.428430617,0.037721213
T78A,42.90909091,42.39410358,18.9808516,18.83132387,33,33,3.304142154,3.278112718,0.343384937,1.64E-16,-3.087945976,0.919691621,0.696607702,0.121263836,0.897729685,0.623678472,0.108568487
TDGY,18.37206133,17.63778978,15.9662887,14.78709658,5870,5870,0.208393864,0.193002911,4.31E-290,0.004361686,-27.84425978,0.019169129,0.585971584,0.00764817,0.077820257,0.48973688,0.006392103
V255A,20.71698113,24.80095995,16.27194765,16.17414456,106,106,1.580471271,1.570971795,3.48E-20,2.82E-05,-20.6810896,0.105228976,0.597189436,0.058004166,0.315058757,0.535674807,0.052029337
V343L,38,43.5612162,13.8053698,13.87941118,18,18,3.253956867,3.271408587,0.660571034,1.28E-10,-1.920833351,0.739525282,0.506664671,0.119422008,0.936383527,0.459675062,0.108346451
W274L,39.52941176,43.34978289,18.78973437,18.63424456,51,51,2.631089082,2.609316154,0.45303772,1.70E-22,-2.132266664,0.795655536,0.689593594,0.096562418,0.929381024,0.617151363,0.086418476
WT,45.0972973,45.48204956,18.39062664,16.7294027,740,740,0.676052881,0.614985074,NA,4.16E-159,NA,1,0.674946121,0.024811513,1,0.554064515,0.020367817
Y138L,29.68421053,28.65131669,9.89034617,9.834164864,76,76,1.134500512,1.128056075,5.46E-13,1.51E-08,-16.83073286,0.434331231,0.362981149,0.041636793,0.442579511,0.32569972,0.03736032
Y176C,43.71428571,47.71484692,17.03655352,17.05246998,56,56,2.276605226,2.278732152,0.430129451,1.41E-29,2.232797364,0.949242714,0.625250892,0.083552665,1.073948473,0.564764246,0.075469797
Y178X,16.8,15.35043958,12.37592972,11.4719925,45,45,1.844894675,1.710143671,2.23E-20,0.984732518,-30.13160998,-0.038526388,0.454203433,0.06770865,0.002065037,0.379943269,0.056638599
Y180H,41.07692308,42.0766414,15.46386827,15.20327728,52,52,2.14445269,2.108315223,0.22098044,1.81E-21,-3.405408151,0.852450053,0.567532478,0.078702594,0.88721559,0.503520454,0.069825724
Y240X,14.52631579,13.18497926,11.71593607,10.87265809,19,19,2.68782007,2.494358835,1.21E-14,0.616055568,-32.2970703,-0.12197185,0.429981303,0.098644476,-0.069653286,0.36009379,0.082611181
Y27C,12.92307692,9.580354764,10.44127592,7.811689043,39,39,1.671942237,1.250871345,1.30E-31,0.063645102,-35.90169479,-0.180811599,0.383200574,0.0613612,-0.189035583,0.258716929,0.041427864
Y346F,40,40.15162912,12.34789813,12.44662179,18,18,2.9104275,2.93369689,0.224454772,1.72E-08,-5.330420433,0.812926383,0.453174658,0.106814291,0.823460714,0.412222216,0.097161708
Y65C,33.45454545,35.91528418,17.430381,17.46710093,33,33,3.034239867,3.040631987,0.005458546,2.73E-09,-9.566765376,0.572704598,0.639704578,0.111358273,0.683156338,0.578496494,0.100703314
Y68H,23.59090909,19.14415478,15.80385255,15.80008092,88,88,1.684696343,1.684294285,1.12E-31,0.089213416,-26.33789478,0.210703714,0.580010088,0.061829283,0.127709868,0.523286116,0.055782487
Y68N,14.4,11.69809296,15.80556011,15.56823019,90,90,1.666052321,1.641035551,1.43E-49,0.118172202,-33.7839566,-0.126607709,0.580072756,0.061145037,-0.118897778,0.515607404,0.054349793
Y68X,5.777777778,11.62599954,6.957747941,6.820480688,27,27,1.339019216,1.31260212,8.47E-20,0.325441137,-33.85605002,-0.44304801,0.255353179,0.049142742,-0.121285455,0.225888897,0.043472338