variant,VAC14,HEK
no_PTEN,0,0
WT,1,1
P38H,-0.257287158,-0.378378378
R130L,-0.255608399,-0.189189189
C124S-4A,-0.227811291,-0.568047337
G129E,-0.213706726,-0.450973654
Y68N,-0.206189756,-0.305733239
E157G,-0.187566983,0.63963964
G36E,-0.187521135,0.078291815
N276S,-0.174753237,0.252252252
R335X,-0.150594128,-0.041420118
A126P,-0.14872778,-0.306960368
R130X,-0.108325094,-0.100591716
G129R,-0.098046825,-0.378698225
G132D,-0.078830543,-0.082840237
F279I,-0.052956914,0.869047619
T131I,-0.036770917,-0.306306306
H123Y,-0.023444123,-0.353733446
A126D,-0.016700224,-0.330960854
A34D,-0.008362028,-0.086790248
R47K,0.000451493,-0.081850534
A121E,0.003555989,0.035587189
M134T,0.005450867,-0.177514793
R173P,0.022164594,-0.270238095
D107V,0.030543628,-0.24852071
R130Q,0.035722405,-0.199288256
C124S,0.039036448,-0.586861513
Y68H,0.048879366,-0.094594595
Q171E,0.048892295,-0.076923077
G127R,0.049669349,-0.106761566
A34P,0.052335362,-0.106761566
R47W,0.068230384,-0.053380783
D92N,0.086298777,0.058558559
C124R,0.110267588,-0.236686391
H123Q,0.122577168,-0.264264264
Y27C,0.143980661,-0.065088757
K6I,0.146452798,-0.085585586
K6E,0.149964157,0.047337278
G44D,0.163273992,1.73E-18
F241S,0.166413141,-0.108108108
R14G,0.186178856,1.32E-16
D22E,0.203508268,-0.088757396
I101T,0.228270283,0.130630631
M134I,0.232714172,-0.24260355
D252G,0.345936538,-0.224852071
H118P,0.350474379,0.404761905
F56C,0.355430267,0.261904762
A151P,0.357062604,0.21641791
D326N,0.414924719,-0.047337278
R15S,0.423209882,-0.164090789
A121P,0.450975569,0.132858837
H93Q,0.539846415,-0.47233677
V255A,0.549202503,-0.04954955
L70V,0.648595852,0.461341939
Y138L,0.682170179,0.021935853
D107G,0.691745266,0.234875445
K402N,0.723201034,1.023668639
N12T,0.726773317,0.284023669
L345V,0.733774695,0.845238095
R173H,0.775795773,0.04369611
Y176C,0.798517568,0.958579882
N340D,0.798798022,0.816126468
N340H,0.804391586,1.023668639
I135T,0.808344349,0.571428571
T167N,0.821710127,0.27027027
P246L,0.83456098,0.080664294
K322E,0.868060736,0.607142857
I135V,0.87420372,0.884126984
T78A,0.878349571,0.842342342
E73K,0.890106864,0.647686833
W274L,0.890956628,0.373873874
H93Y,0.913277622,-0.174402889
C211W,0.921760678,0.313609467
Q396R,0.923372711,1.288659794
M198I,0.936776737,0.976190476
Y180H,0.943517083,0.750390903
T202I,0.958462509,
E256K,0.96780222,1.202380952
N356D,0.972316499,1.053254438
K342N,0.991616475,0.875739645
I203V,0.997971548,1.01569691
I400V,1.006796207,1.011904762
P357S,1.00846453,1.059171598
A79T,1.01206983,0.840236686
4A,1.019734929,1.987334315
D268E,1.037764368,0.815315315
Y346F,1.051547947,0.846153846
Y65C,1.053896248,0.67630265
T363N,1.059159969,0.905325444
P354Q,1.061491838,1.391752577
F279L,1.064904048,0.833333333
T348S,1.067596938,0.964497041
K330E,1.074935945,1.178571429
N356H,1.079632087,0.905325444
H93R,1.085008574,-0.047337278
N228S,1.100212796,0.882882883
Q298E,1.114169044,0.99408284
A309S,1.11483629,0.899408284
N117S,1.11962425,0.821428571
N262S,1.13096184,0.857142857
L295V,1.207790181,0.987670829
Y155N,,-0.055555556
Y155H,,-0.072222222
Y155C,,-0.094444444
V133I,,0.505555556
M35V,,-0.547619048
R130P,,-0.527777778
S229T,,1.011111111