variant,MCF10A
no_PTEN,0
WT,1
K6E,0.6689
K6I,0.5456
R15S,0.613
M35V,0.6394
P38H,0.6479
G44D,0.3768
A79T,0.4289
D92N,0.7323
H93Q,0.6699
H93R,0.607
I101F,0.1197
I101T,0.2862
N117S,0.5084
H123Y,0.3617
H123Q,0.0066
C124S,0.1203
C124R,0.3014
A126D,0.4675
G127R,0.0247
G129R,0.1786
G129E,0.1159
R130L,0.5272
R130P,0.0866
R130Q,0.4639
T131I,0.5212
G132D,0.3696
V133I,-0.027
M134I,0.3614
I135V,0.621
Y138L,0.4465
R142W,0.4741
Y155C,0.4099
T167N,0.4336
Q171E,0.6687
R173H,0.7328
Y176C,0.4397
Y180H,0.8829
M198I,0.8179
N228S,0.8757
T232A,0.5505
P246L,0.3838
N262S,0.8979
D268E,0.892
D326N,0.2786
K342N,-0.072
P354Q,0.8232
T382S,0.3647