variants,normalized_mean,stdev,num_replicates
4A,3.73998408,0.278251804,10
C124S,-0.440364412,-0.03434615,10
D22E,-0.804356293,-0.073384211,9
P38H,-0.199249232,-0.013897258,9
L70V,0.039773413,0.002588779,8
T78A,0.89298312,0.05824511,10
D92N,-0.210254744,-0.015745156,10
H93Q,0.062740386,0.004716556,10
I101T,-0.060830219,-0.004592625,9
I101F,0.459065064,0.032711129,10
D107V,-0.209825911,-0.015395788,7
N117S,1.168531915,0.086324418,10
H118P,-0.133363107,-0.011232774,10
H123Y,-0.295581157,-0.021910191,10
C124S-4A,-0.06195827,-0.0052333,9
G129E,-0.295443962,-0.021394718,10
T131I,-0.154321081,-0.011719173,10
I135fs,0.094143506,0.007739458,10
I135T,0.213397435,0.015496777,10
Y138L,0.272051226,0.019594845,10
L139X,-0.211917553,-0.017854189,10
E157G,0.643955117,0.049322871,10
T167N,-0.104901457,-0.007378892,8
Y176C,1.381689715,0.102848616,10
F241S,-0.39275028,-0.028348661,10
D252G,-0.113219159,-0.008799321,10
V255A,0.56163237,0.045568175,10
W274L,0.522004841,0.03448254,10
N276S,-0.314472054,-0.02254391,8
D326N,-0.141123084,-0.009960471,9
R335X,-0.132186885,-0.009609358,10
G36E,-0.143616214,-0.015041637,10
R47W,-0.041657501,-0.004278591,10
R47K,0.271985946,0.02847804,10
Y68H,-0.254861927,-0.026122787,10
H123Q,0.027532242,0.002677746,9
Y180H,-0.283299201,-0.027237206,10
I203V,0.946350728,0.110099074,10
N228S,0.984017685,0.099122013,10
N262S,0.87891425,0.089936631,10
F279L,0.90486845,0.088697022,9
L295V,1.076982182,0.115978392,10
Q298E,0.829312495,0.083535874,9
K322E,1.27926683,0.134255081,10
A34P,-0.072172558,-0.005381374,10
A34D,-0.307810412,-0.020746101,8
H93R,-0.359510895,-0.027830954,9
H93Y,-0.209961357,-0.019687708,10
A121P,0.921612047,0.085316018,10
A126P,0.389191484,0.035342316,10
A126D,0.081956378,0.006672462,10
G127R,-0.482834494,-0.036107199,8
R130L,0.714415053,0.059731885,10
R130Q,-0.407882467,-0.028379884,7
A309S,0.794144002,0.058399633,9
P357S,0.907368902,0.063467541,10
T363N,1.143087564,0.105382614,10
N12T,0.181271223,0.018965976,10
R14G,0.095579041,0.00651481,9
Y27C,-0.00777011,-0.000530393,10
Y65C,0.731232907,0.070674743,10
D107G,0.47663847,0.033186124,10
M134I,0.138794578,0.010089733,10
Q171E,0.200022933,0.017034647,10
R173H,0.924426805,0.076787407,9
C211W,0.978640089,0.079735461,10
E285X,0.521845699,0.047400603,10
M1I,-0.071440587,-0.005990344,10
K6E,0.057505807,0.006219035,9
R15S,0.21068584,0.021090929,10
Y68N,-0.320319023,-0.031614982,10
E73K,1.019903423,0.096347187,10
A121E,-0.013376977,-0.001180711,10
G129R,-0.015974283,-0.001578206,10
A151P,-0.238162039,-0.022542063,10
R173P,0.123306465,0.011181686,10
E256K,2.083078996,0.166422594,9
D268E,0.876318523,0.080797087,10
F279I,1.04748765,0.090180474,10
K330E,1.472600192,0.119320811,10
Y346F,1.131371541,0.092994852,10
K6I,0.314138085,0.033625239,10
Y68X,0.349315057,0.037105461,10
C124R,0.168093289,0.016421179,10
M134T,0.216945316,0.022270609,10
T202I,0.691277608,0.088037878,10
Y240X,0.265094018,0.02846402,10
L320X,0.224841116,0.024149978,10
K342N,0.673820841,0.068716847,10
V343L,0.591727014,0.057990257,10
L345V,0.137682028,0.014975829,10
P354Q,0.714215722,0.08847169,10
I400V,0.742121435,0.080273492,10
K402N,0.188309194,0.022236974,10
M35V,0.208401997,0.023457534,10
G44D,0.375095285,0.044843404,10
P246L,0.462501339,0.054068941,9